{"type":{"0":"result","1":"result","2":"result","3":"result","4":"result"},"timestamp":{"0":1664737583767,"1":1664737944182,"2":1664745746470,"3":1664746094314,"4":1664747088665},"isp":{"0":"Cox Communications","1":"Cox Communications","2":"Cox Communications","3":"Cox Communications","4":"Cox Communications"},"packet_loss":{"0":0.0,"1":0.0,"2":4.347826087,"3":1.3333333333,"4":0.0},"ping_jitter":{"0":1.109,"1":3.585,"2":13.652,"3":2.969,"4":1.321},"ping_iqm":{"0":8.896,"1":9.754,"2":18.192,"3":8.416,"4":8.208},"ping_low":{"0":7.471,"1":9.42,"2":8.038,"3":7.035,"4":6.646},"ping_high":{"0":9.54,"1":16.404,"2":27.653,"3":13.414,"4":9.709},"down_mbps":{"0":226.233,"1":226.362,"2":137.53,"3":127.813,"4":227.282},"down_bandwidth":{"0":29854386,"1":29706329,"2":17633919,"3":20066368,"4":29891953},"down_bytes":{"0":234346016,"1":219911731,"2":207465096,"3":251323731,"4":203021184},"down_elapsed":{"0":7903,"1":7412,"2":11509,"3":15002,"4":6815},"down_iqm":{"0":27.874,"1":28.694,"2":20.564,"3":24.248,"4":24.836},"down_low":{"0":15.136,"1":12.789,"2":8.003,"3":8.33,"4":11.474},"down_high":{"0":36.799,"1":242.025,"2":483.328,"3":408.156,"4":34.034},"down_jitter":{"0":2.493,"1":5.507,"2":20.963,"3":20.813,"4":3.245},"up_mbps":{"0":10.675,"1":10.675,"2":10.076,"3":10.388,"4":10.679},"up_bandwidth":{"0":1323630,"1":1322687,"2":1292678,"3":1326120,"4":1327569},"up_bytes":{"0":16230632,"1":16106104,"2":13750208,"3":14442352,"4":16103208},"up_elapsed":{"0":11600,"1":11511,"2":10411,"3":10607,"4":11505},"up_iqm":{"0":100.623,"1":90.239,"2":91.376,"3":97.93,"4":90.192},"up_low":{"0":5.01,"1":5.223,"2":3.517,"3":3.738,"4":3.619},"up_high":{"0":160.363,"1":156.828,"2":873.707,"3":269.597,"4":158.732},"up_jitter":{"0":26.553,"1":24.063,"2":37.544,"3":26.686,"4":24.442},"interface_external_ip":{"0":"98.161.213.187","1":"98.161.213.187","2":"98.161.213.187","3":"98.161.213.187","4":"98.161.213.187"},"interface_internal_ip":{"0":"172.20.0.2","1":"172.21.0.2","2":"192.168.0.9","3":"192.168.0.9","4":"172.24.0.2"},"interface_is_vpn":{"0":false,"1":false,"2":false,"3":false,"4":false},"interface_mac_addr":{"0":"02:42:AC:14:00:02","1":"02:42:AC:15:00:02","2":"EC:8E:B5:45:08:BE","3":"EC:8E:B5:45:08:BE","4":"02:42:AC:18:00:02"},"interface_name":{"0":"eth0","1":"eth0","2":"eno1","3":"eno1","4":"eth0"},"result_id":{"0":"18e75f06-62cd-4a88-973b-fe9959eaa79b","1":"86bc7fa5-b957-4376-88bb-ed3a5bbdd684","2":"d3a862cf-30e1-4eeb-adcd-f0065d3a051c","3":"0763fa9d-2e89-41f6-ba56-3c697288a1a7","4":"8c40d113-c884-4c7e-8ccf-7589a93a5f75"},"result_persisted":{"0":true,"1":true,"2":true,"3":true,"4":true},"result_url":{"0":"https:\/\/www.speedtest.net\/result\/c\/18e75f06-62cd-4a88-973b-fe9959eaa79b","1":"https:\/\/www.speedtest.net\/result\/c\/86bc7fa5-b957-4376-88bb-ed3a5bbdd684","2":"https:\/\/www.speedtest.net\/result\/c\/d3a862cf-30e1-4eeb-adcd-f0065d3a051c","3":"https:\/\/www.speedtest.net\/result\/c\/0763fa9d-2e89-41f6-ba56-3c697288a1a7","4":"https:\/\/www.speedtest.net\/result\/c\/8c40d113-c884-4c7e-8ccf-7589a93a5f75"},"server_id":{"0":16331,"1":28800,"2":16613,"3":16613,"4":16613},"server_host":{"0":"speedtest.1gservers.com","1":"speedtest.phoenixnap.com","2":"speedtest.rd.ph.cox.net","3":"speedtest.rd.ph.cox.net","4":"speedtest.rd.ph.cox.net"},"server_port":{"0":8080,"1":8080,"2":8080,"3":8080,"4":8080},"server_name":{"0":"1GServers.com","1":"PhoenixNAP Global IT Services","2":"Cox - Phoenix","3":"Cox - Phoenix","4":"Cox - Phoenix"},"server_location":{"0":"Phoenix, AZ","1":"Phoenix, AZ","2":"Phoenix, AZ","3":"Phoenix, AZ","4":"Phoenix, AZ"},"server_country":{"0":"United States","1":"United States","2":"United States","3":"United States","4":"United States"},"server_ip":{"0":"104.251.122.19","1":"184.95.56.34","2":"184.182.243.169","3":"184.182.243.169","4":"184.182.243.169"}}
